User: USER,Path: C:\Program Files (x86)\BMG\Omega\User\Data\,Test run no.: 419,,,,,,,,,,,,,,,,,,,,,,,,,,,,,,,,,,,,,,,,,,,,,,,,,,,,,,,,,,,,,,,,,,,,,,,,,,,,,,,,,,,,,,,,,,,,,,,,,,,,,,,,,,,,,,,,,,,,,,,,,,,,,,,,,,,,,,,,,,,,,,,,,,,,,,,,,,,,,,,,,,,,,,,,,,,,,,,,,,,,,,,,,,,,,,,,,,,,,,,,,,,,,,,,,,,,,,,,,,,,,,,,,,,,,,,,,,,,,,,,,,,,,,,,,,,,,,,,,,,,,,,,,,,,,,,,,,,,,,,,,,,,,,,,,,,,,,,,,,,,,,,,,,,,,,,,,,,,,,,,,,,,,,,,,,,,,,,,,,,,,,,,,,,,,,,,,,,,,,,,
Test name: AP_mNG_MG_Plate,Date: 20/10/2021,Time: 20:13:21,,,,,,,,,,,,,,,,,,,,,,,,,,,,,,,,,,,,,,,,,,,,,,,,,,,,,,,,,,,,,,,,,,,,,,,,,,,,,,,,,,,,,,,,,,,,,,,,,,,,,,,,,,,,,,,,,,,,,,,,,,,,,,,,,,,,,,,,,,,,,,,,,,,,,,,,,,,,,,,,,,,,,,,,,,,,,,,,,,,,,,,,,,,,,,,,,,,,,,,,,,,,,,,,,,,,,,,,,,,,,,,,,,,,,,,,,,,,,,,,,,,,,,,,,,,,,,,,,,,,,,,,,,,,,,,,,,,,,,,,,,,,,,,,,,,,,,,,,,,,,,,,,,,,,,,,,,,,,,,,,,,,,,,,,,,,,,,,,,,,,,,,,,,,,,,,,,,,,,,,
Used kinetic range(s): Range 1,,,,,,,,,,,,,,,,,,,,,,,,,,,,,,,,,,,,,,,,,,,,,,,,,,,,,,,,,,,,,,,,,,,,,,,,,,,,,,,,,,,,,,,,,,,,,,,,,,,,,,,,,,,,,,,,,,,,,,,,,,,,,,,,,,,,,,,,,,,,,,,,,,,,,,,,,,,,,,,,,,,,,,,,,,,,,,,,,,,,,,,,,,,,,,,,,,,,,,,,,,,,,,,,,,,,,,,,,,,,,,,,,,,,,,,,,,,,,,,,,,,,,,,,,,,,,,,,,,,,,,,,,,,,,,,,,,,,,,,,,,,,,,,,,,,,,,,,,,,,,,,,,,,,,,,,,,,,,,,,,,,,,,,,,,,,,,,,,,,,,,,,,,,,,,,,,,,,,,,,,,
Fluorescence (FI), multichromatic,,,,,,,,,,,,,,,,,,,,,,,,,,,,,,,,,,,,,,,,,,,,,,,,,,,,,,,,,,,,,,,,,,,,,,,,,,,,,,,,,,,,,,,,,,,,,,,,,,,,,,,,,,,,,,,,,,,,,,,,,,,,,,,,,,,,,,,,,,,,,,,,,,,,,,,,,,,,,,,,,,,,,,,,,,,,,,,,,,,,,,,,,,,,,,,,,,,,,,,,,,,,,,,,,,,,,,,,,,,,,,,,,,,,,,,,,,,,,,,,,,,,,,,,,,,,,,,,,,,,,,,,,,,,,,,,,,,,,,,,,,,,,,,,,,,,,,,,,,,,,,,,,,,,,,,,,,,,,,,,,,,,,,,,,,,,,,,,,,,,,,,,,,,,,,,,,,,,,,,,,
,,,,,,,,,,,,,,,,,,,,,,,,,,,,,,,,,,,,,,,,,,,,,,,,,,,,,,,,,,,,,,,,,,,,,,,,,,,,,,,,,,,,,,,,,,,,,,,,,,,,,,,,,,,,,,,,,,,,,,,,,,,,,,,,,,,,,,,,,,,,,,,,,,,,,,,,,,,,,,,,,,,,,,,,,,,,,,,,,,,,,,,,,,,,,,,,,,,,,,,,,,,,,,,,,,,,,,,,,,,,,,,,,,,,,,,,,,,,,,,,,,,,,,,,,,,,,,,,,,,,,,,,,,,,,,,,,,,,,,,,,,,,,,,,,,,,,,,,,,,,,,,,,,,,,,,,,,,,,,,,,,,,,,,,,,,,,,,,,,,,,,,,,,,,,,,,,,,,,,,,,,
Well,Content,Raw Data (485/520 1),Raw Data (485/520 1),Raw Data (485/520 1),Raw Data (485/520 1),Raw Data (485/520 1),Raw Data (485/520 1),Raw Data (485/520 1),Raw Data (485/520 1),Raw Data (485/520 1),Raw Data (485/520 1),Raw Data (485/520 1),Raw Data (485/520 1),Raw Data (485/520 1),Raw Data (485/520 1),Raw Data (485/520 1),Raw Data (485/520 1),Raw Data (485/520 1),Raw Data (485/520 1),Raw Data (485/520 1),Raw Data (485/520 1),Raw Data (485/520 1),Raw Data (485/520 1),Raw Data (485/520 1),Raw Data (485/520 1),Raw Data (485/520 1),Raw Data (485/520 1),Raw Data (485/520 1),Raw Data (485/520 1),Raw Data (485/520 1),Raw Data (485/520 1),Raw Data (485/520 1),Raw Data (485/520 1),Raw Data (485/520 1),Raw Data (485/520 1),Raw Data (485/520 1),Raw Data (485/520 1),Raw Data (485/520 1),Raw Data (485/520 1),Raw Data (485/520 1),Raw Data (485/520 1),Raw Data (485/520 1),Raw Data (485/520 1),Raw Data (485/520 1),Raw Data (485/520 1),Raw Data (485/520 1),Raw Data (485/520 1),Raw Data (485/520 1),Raw Data (485/520 1),Raw Data (485/520 1),Raw Data (485/520 1),Raw Data (485/520 1),Raw Data (485/520 1),Raw Data (485/520 1),Raw Data (485/520 1),Raw Data (485/520 1),Raw Data (485/520 1),Raw Data (485/520 1),Raw Data (485/520 1),Raw Data (485/520 1),Raw Data (485/520 1),Raw Data (485/520 1),Raw Data (485/520 1),Raw Data (485/520 1),Raw Data (485/520 1),Raw Data (485/520 1),Raw Data (485/520 1),Raw Data (485/520 1),Raw Data (485/520 1),Raw Data (485/520 1),Raw Data (485/520 1),Raw Data (485/520 1),Raw Data (485/520 1),Raw Data (485/520 1),Raw Data (485/520 1),Raw Data (485/520 1),Raw Data (485/520 1),Raw Data (485/520 1),Raw Data (485/520 1),Raw Data (485/520 1),Raw Data (485/520 1),Raw Data (485/520 1),Raw Data (485/520 1),Raw Data (485/520 1),Raw Data (485/520 1),Raw Data (485/520 1),Raw Data (485/520 1),Raw Data (485/520 1),Raw Data (485/520 1),Raw Data (485/520 1),Raw Data (485/520 1),Raw Data (485/520 1),Raw Data (485/520 1),Raw Data (485/520 1),Raw Data (485/520 1),Raw Data (485/520 1),Raw Data (485/520 1),Raw Data (485/520 1),Raw Data (485/520 1),Raw Data (485/520 1),Raw Data (485/520 1),Raw Data (485/520 1),Raw Data (485/520 1),Raw Data (485/520 1),Raw Data (485/520 1),Raw Data (485/520 1),Raw Data (485/520 1),Raw Data (485/520 1),Raw Data (485/520 1),Raw Data (485/520 1),Raw Data (485/520 1),Raw Data (485/520 1),Raw Data (485/520 1),Raw Data (485/520 1),Raw Data (485/520 1),Raw Data (485/520 1),Raw Data (485/520 1),Raw Data (485/520 1),Raw Data (485/520 1),Raw Data (485/520 1),Raw Data (485/520 1),Raw Data (485/520 1),Raw Data (485/520 1),Raw Data (485/520 1),Raw Data (485/520 1),Raw Data (485/520 1),Raw Data (485/520 1),Raw Data (485/520 1),Raw Data (485/520 1),Raw Data (485/520 1),Raw Data (485/520 1),Raw Data (485/520 1),Raw Data (485/520 1),Raw Data (485/520 1),Raw Data (485/520 1),Raw Data (485/520 1),Raw Data (485/520 1),Raw Data (485/520 1),Raw Data (485/520 1),Raw Data (485/520 1),Raw Data (485/520 1),Raw Data (485/520 1),Raw Data (485/520 1),Raw Data (485/520 1),Raw Data (485/520 1),Raw Data (485/520 1),Raw Data (485/520 1),Raw Data (485/520 1),Raw Data (485/520 1),Raw Data (485/520 1),Raw Data (485/520 1),Raw Data (485/520 1),Raw Data (485/520 1),Raw Data (485/520 1),Raw Data (485/520 1),Raw Data (485/520 1),Raw Data (485/520 1),Raw Data (485/520 1),Raw Data (485/520 1),Raw Data (485/520 1),Raw Data (485/520 1),Raw Data (485/520 1),Raw Data (485/520 1),Raw Data (485/520 1),Raw Data (485/520 1),Raw Data (485/520 1),Raw Data (485/520 1),Raw Data (485/520 1),Raw Data (485/520 1),Raw Data (485/520 1),Raw Data (485/520 1),Raw Data (485/520 1),Raw Data (485/520 1),Raw Data (485/520 1),Raw Data (485/520 1),Raw Data (485/520 1),Raw Data (485/520 1),Raw Data (485/520 1),Raw Data (485/520 1),Raw Data (485/520 1),Raw Data (485/520 1),Raw Data (485/520 1),Raw Data (485/520 1),Raw Data (485/520 1),Raw Data (485/520 1),Raw Data (485/520 1),Raw Data (485/520 1),Raw Data (485/520 1),Raw Data (485/520 1),Raw Data (485/520 1),Raw Data (485/520 1),Raw Data (485/520 1),Raw Data (485/520 1),Raw Data (485/520 1),Raw Data (485/520 1),Raw Data (485/520 1),Raw Data (485/520 1),Raw Data (485/520 1),Raw Data (485/520 1),Raw Data (485/520 1),Raw Data (485/520 1),Raw Data (485/520 1),Raw Data (485/520 1),Raw Data (485/520 1),Raw Data (485/520 1),Raw Data (485/520 1),Raw Data (485/520 1),Raw Data (485/520 1),Raw Data (485/520 1),Raw Data (485/520 1),Raw Data (485/520 1),Raw Data (485/520 1),Raw Data (485/520 1),Raw Data (485/520 1),Raw Data (485/520 1),Raw Data (485/520 1),Raw Data (485/520 1),Raw Data (485/520 1),Raw Data (485/520 1),Raw Data (485/520 1),Raw Data (485/520 1),Raw Data (485/520 1),Raw Data (485/520 1),Raw Data (485/520 1),Raw Data (485/520 1),Raw Data (485/520 1),Raw Data (485/520 1),Raw Data (485/520 1),Raw Data (485/520 1),Raw Data (485/520 1),Raw Data (485/520 1),Raw Data (485/520 1),Raw Data (485/520 1),Raw Data (485/520 1),Raw Data (485/520 1),Raw Data (485/520 1),Raw Data (485/520 1),Raw Data (485/520 1),Raw Data (485/520 1),Raw Data (485/520 1),Raw Data (485/520 1),Raw Data (485/520 1),Raw Data (485/520 1),Raw Data (485/520 1),Raw Data (485/520 1),Raw Data (485/520 1),Raw Data (485/520 1),Raw Data (485/520 1),Raw Data (485/520 1),Raw Data (485/520 1),Raw Data (485/520 1),Raw Data (485/520 1),Raw Data (485/520 1),Raw Data (485/520 1),Raw Data (485/520 1),Raw Data (485/520 1),Raw Data (485/520 1),Raw Data (485/520 1),Raw Data (485/520 1),Raw Data (485/520 1),Raw Data (485/520 1),Raw Data (485/520 1),Raw Data (485/520 1),Raw Data (485/520 1),Raw Data (485/520 1),Raw Data (485/520 1),Raw Data (485/520 1),Raw Data (485/520 1),Raw Data (485/520 1),Raw Data (485/520 1),Raw Data (485/520 1),Raw Data (485/520 1),Raw Data (485/520 1),Raw Data (485/520 1),Raw Data (485/520 1),Raw Data (485/520 1),Raw Data (485/520 1),Raw Data (485/520 1),Raw Data (485/520 1),Raw Data (485/520 1),Raw Data (485/520 1),Raw Data (485/520 1),Raw Data (485/520 1),Raw Data (485/520 1),Raw Data (485/520 1),Raw Data (485/520 1),Raw Data (485/520 1),Raw Data (485/520 1),Raw Data (485/520 1),Raw Data (485/520 1),Raw Data (485/520 1),Raw Data (485/520 1),Raw Data (485/520 1),Raw Data (485/520 1),Raw Data (485/520 1),Raw Data (485/520 1),Raw Data (485/520 1),Raw Data (485/520 1),Raw Data (485/520 1),Raw Data (485/520 1),Raw Data (485/520 1),Raw Data (485/520 1),Raw Data (485/520 1),Raw Data (485/520 1),Raw Data (485/520 1),Raw Data (485/520 1),Raw Data (485/520 1),Raw Data (485/520 1),Raw Data (485/520 1),Raw Data (485/520 1),Raw Data (485/520 1),Raw Data (485/520 1),Raw Data (485/520 1),Raw Data (485/520 1),Raw Data (485/520 1),Raw Data (485/520 1),Raw Data (485/520 1),Raw Data (485/520 1),Raw Data (485/520 1),Raw Data (485/520 1),Raw Data (485/520 1),Raw Data (485/520 1),Raw Data (485/520 1),Raw Data (485/520 1),Raw Data (485/520 1),Raw Data (485/520 1),Raw Data (485/520 1),Raw Data (485/520 1),Raw Data (485/520 1),Raw Data (485/520 1),Raw Data (485/520 1),Raw Data (485/520 1),Raw Data (485/520 1),Raw Data (485/520 1),Raw Data (485/520 1),Raw Data (485/520 1),Raw Data (485/520 1),Raw Data (485/520 1),Raw Data (485/520 1),Raw Data (485/520 1),Raw Data (485/520 1),Raw Data (485/520 1),Raw Data (485/520 1),Raw Data (485/520 1),Raw Data (485/520 1),Raw Data (485/520 1),Raw Data (485/520 1),Raw Data (485/520 1),Raw Data (485/520 1),Raw Data (485/520 1),Raw Data (485/520 1),Raw Data (485/520 1),Raw Data (485/520 1),Raw Data (485/520 1),Raw Data (485/520 1),Raw Data (485/520 1),Raw Data (485/520 1),Raw Data (485/520 1),Raw Data (485/520 1),Raw Data (485/520 1),Raw Data (485/520 1),Raw Data (485/520 1)
,Time,0 h ,0 h 2 min,0 h 4 min,0 h 6 min,0 h 8 min,0 h 10 min,0 h 12 min,0 h 14 min,0 h 16 min,0 h 18 min,0 h 20 min,0 h 22 min,0 h 24 min,0 h 26 min,0 h 28 min,0 h 30 min,0 h 32 min,0 h 34 min,0 h 36 min,0 h 38 min,0 h 40 min,0 h 42 min,0 h 44 min,0 h 46 min,0 h 48 min,0 h 50 min,0 h 52 min,0 h 54 min,0 h 56 min,0 h 58 min,1 h ,1 h 2 min,1 h 4 min,1 h 6 min,1 h 8 min,1 h 10 min,1 h 12 min,1 h 14 min,1 h 16 min,1 h 18 min,1 h 20 min,1 h 22 min,1 h 24 min,1 h 26 min,1 h 28 min,1 h 30 min,1 h 32 min,1 h 34 min,1 h 36 min,1 h 38 min,1 h 40 min,1 h 42 min,1 h 44 min,1 h 46 min,1 h 48 min,1 h 50 min,1 h 52 min,1 h 54 min,1 h 56 min,1 h 58 min,2 h ,2 h 2 min,2 h 4 min,2 h 6 min,2 h 8 min,2 h 10 min,2 h 12 min,2 h 14 min,2 h 16 min,2 h 18 min,2 h 20 min,2 h 22 min,2 h 24 min,2 h 26 min,2 h 28 min,2 h 30 min,2 h 32 min,2 h 34 min,2 h 36 min,2 h 38 min,2 h 40 min,2 h 42 min,2 h 44 min,2 h 46 min,2 h 48 min,2 h 50 min,2 h 52 min,2 h 54 min,2 h 56 min,2 h 58 min,3 h ,3 h 2 min,3 h 4 min,3 h 6 min,3 h 8 min,3 h 10 min,3 h 12 min,3 h 14 min,3 h 16 min,3 h 18 min,3 h 20 min,3 h 22 min,3 h 24 min,3 h 26 min,3 h 28 min,3 h 30 min,3 h 32 min,3 h 34 min,3 h 36 min,3 h 38 min,3 h 40 min,3 h 42 min,3 h 44 min,3 h 46 min,3 h 48 min,3 h 50 min,3 h 52 min,3 h 54 min,3 h 56 min,3 h 58 min,4 h ,4 h 2 min,4 h 4 min,4 h 6 min,4 h 8 min,4 h 10 min,4 h 12 min,4 h 14 min,4 h 16 min,4 h 18 min,4 h 20 min,4 h 22 min,4 h 24 min,4 h 26 min,4 h 28 min,4 h 30 min,4 h 32 min,4 h 34 min,4 h 36 min,4 h 38 min,4 h 40 min,4 h 42 min,4 h 44 min,4 h 46 min,4 h 48 min,4 h 50 min,4 h 52 min,4 h 54 min,4 h 56 min,4 h 58 min,5 h ,5 h 2 min,5 h 4 min,5 h 6 min,5 h 8 min,5 h 10 min,5 h 12 min,5 h 14 min,5 h 16 min,5 h 18 min,5 h 20 min,5 h 22 min,5 h 24 min,5 h 26 min,5 h 28 min,5 h 30 min,5 h 32 min,5 h 34 min,5 h 36 min,5 h 38 min,5 h 40 min,5 h 42 min,5 h 44 min,5 h 46 min,5 h 48 min,5 h 50 min,5 h 52 min,5 h 54 min,5 h 56 min,5 h 58 min,6 h ,6 h 2 min,6 h 4 min,6 h 6 min,6 h 8 min,6 h 10 min,6 h 12 min,6 h 14 min,6 h 16 min,6 h 18 min,6 h 20 min,6 h 22 min,6 h 24 min,6 h 26 min,6 h 28 min,6 h 30 min,6 h 32 min,6 h 34 min,6 h 36 min,6 h 38 min,6 h 40 min,6 h 42 min,6 h 44 min,6 h 46 min,6 h 48 min,6 h 50 min,6 h 52 min,6 h 54 min,6 h 56 min,6 h 58 min,7 h ,7 h 2 min,7 h 4 min,7 h 6 min,7 h 8 min,7 h 10 min,7 h 12 min,7 h 14 min,7 h 16 min,7 h 18 min,7 h 20 min,7 h 22 min,7 h 24 min,7 h 26 min,7 h 28 min,7 h 30 min,7 h 32 min,7 h 34 min,7 h 36 min,7 h 38 min,7 h 40 min,7 h 42 min,7 h 44 min,7 h 46 min,7 h 48 min,7 h 50 min,7 h 52 min,7 h 54 min,7 h 56 min,7 h 58 min,8 h ,8 h 2 min,8 h 4 min,8 h 6 min,8 h 8 min,8 h 10 min,8 h 12 min,8 h 14 min,8 h 16 min,8 h 18 min,8 h 20 min,8 h 22 min,8 h 24 min,8 h 26 min,8 h 28 min,8 h 30 min,8 h 32 min,8 h 34 min,8 h 36 min,8 h 38 min,8 h 40 min,8 h 42 min,8 h 44 min,8 h 46 min,8 h 48 min,8 h 50 min,8 h 52 min,8 h 54 min,8 h 56 min,8 h 58 min,9 h ,9 h 2 min,9 h 4 min,9 h 6 min,9 h 8 min,9 h 10 min,9 h 12 min,9 h 14 min,9 h 16 min,9 h 18 min,9 h 20 min,9 h 22 min,9 h 24 min,9 h 26 min,9 h 28 min,9 h 30 min,9 h 32 min,9 h 34 min,9 h 36 min,9 h 38 min,9 h 40 min,9 h 42 min,9 h 44 min,9 h 46 min,9 h 48 min,9 h 50 min,9 h 52 min,9 h 54 min,9 h 56 min,9 h 58 min,10 h ,10 h 2 min,10 h 4 min,10 h 6 min,10 h 8 min,10 h 10 min,10 h 12 min,10 h 14 min,10 h 16 min,10 h 18 min,10 h 20 min,10 h 22 min,10 h 24 min,10 h 26 min,10 h 28 min,10 h 30 min,10 h 32 min,10 h 34 min,10 h 36 min,10 h 38 min,10 h 40 min,10 h 42 min,10 h 44 min,10 h 46 min,10 h 48 min,10 h 50 min,10 h 52 min,10 h 54 min,10 h 56 min,10 h 58 min,11 h ,11 h 2 min,11 h 4 min,11 h 6 min,11 h 8 min,11 h 10 min,11 h 12 min,11 h 14 min,11 h 16 min,11 h 18 min,11 h 20 min,11 h 22 min,11 h 24 min,11 h 26 min,11 h 28 min,11 h 30 min,11 h 32 min,11 h 34 min,11 h 36 min,11 h 38 min,11 h 40 min,11 h 42 min,11 h 44 min,11 h 46 min,11 h 48 min,11 h 50 min,11 h 52 min,11 h 54 min,11 h 56 min,11 h 58 min,12 h 
C19,Sample X1,4698,4710,4777,4756,4723,4710,4699,4583,4607,4560,4508,4566,4591,4568,4598,4638,4670,4716,4670,4727,4777,4682,4737,4806,4804,4795,4835,4865,4824,4845,4897,4888,4903,4931,4929,4923,4913,4879,4899,4918,4919,4937,4942,4912,4902,4909,4910,4916,4910,4914,4893,4932,4930,4920,4977,4971,5012,4976,4973,4953,4959,4989,4990,4973,5021,5032,5015,5000,4987,4962,4999,4990,4982,5004,5002,4979,4982,5041,5016,4997,5025,5041,4976,5013,4980,4990,5006,5020,5008,5039,5040,5052,4978,5076,5074,5072,5013,5059,4995,5058,5048,5067,5050,5064,5056,5029,5075,4988,4948,5011,4946,4998,4971,4974,5026,4937,4969,4989,4983,4812,4798,4809,4793,4835,4857,4918,4943,5104,5763,7319,7700,7532,7632,7638,7635,7661,7618,7667,7656,7719,7641,7599,7742,7679,7732,7707,7656,7677,7674,7639,7720,7671,7668,7686,7626,7699,7624,7654,7613,7625,7618,7605,7619,7618,7602,7607,7520,7546,7592,7583,7615,7559,7542,7515,7543,7509,7568,7559,7450,7553,7518,7478,7498,7401,7498,7512,7505,7478,7577,7413,7392,7423,7449,7432,7414,7393,7414,7404,7370,7425,7422,7432,7383,7344,7328,7295,7363,7359,7330,7314,7315,7287,7227,7227,7259,7398,7400,7400,7316,7282,7384,7342,7427,7281,7323,7448,7249,7299,7315,7240,7213,7189,7313,7325,7334,7248,7255,7246,7258,7243,7266,7203,7196,7243,7180,7153,7208,7210,7138,7186,7137,7111,7152,7115,7154,7117,7120,7091,7064,7110,7114,7081,6992,6976,7032,6990,7006,7031,6956,6971,7001,6965,6946,6932,6902,6957,6883,6924,6927,6907,6880,6888,6826,6839,6835,6809,6815,6752,6865,6810,6748,6740,6757,6787,6747,6758,6750,6708,6669,6712,6661,6708,6682,6653,6637,6612,6607,6600,6616,6545,6586,6600,6533,6518,6542,6553,6553,6572,6542,6543,6544,6516,6572,6534,6494,6492,6505,6451,6501,6493,6443,6470,6441,6459,6522,6447,6439,6476,6433,6392,6403,6445,6370,6472,6435,6380,6373,6394,6365,6399,6447,6382,6387,6378,6380,6373,6361,6313,6321,6347,6343
F19,Sample X2,38418,37510,37294,37140,37064,36973,36966,36741,36810,36731,36676,36671,36725,36631,36730,36836,36662,36668,36768,36800,36607,36664,36552,36582,36536,36570,36374,36432,36503,36439,36332,36414,36430,36199,36160,36220,36257,36269,36314,36215,36068,36227,36393,36131,36227,36127,36101,36220,36106,36208,36154,36151,36051,36032,36025,36022,36016,35965,36140,35943,36049,35912,36011,35955,35984,35927,35690,35773,35859,35764,35918,35635,35755,35737,35798,35679,35902,35827,35652,35820,35749,35810,35703,35734,35828,35544,35586,35693,35669,35620,35612,35455,35567,35575,35504,35502,35483,35387,35551,35580,35428,35466,35439,35523,35510,35072,35132,34910,34809,35035,34906,35073,35134,35036,35009,35057,35024,34955,35052,35009,34950,34946,34893,34956,34838,34941,34887,34864,34855,34749,34904,34826,34850,35039,34894,34868,34871,34791,34858,34828,34806,34674,34733,34631,34728,34776,34671,34763,34715,34621,34622,34852,34543,34647,34589,34619,34754,34518,34457,34564,34622,34602,34637,34789,34582,34513,34589,34556,34636,34628,34514,34596,34464,34615,34479,34522,34553,34553,34429,34585,34632,34408,34459,34365,34446,34544,34552,34550,34325,34420,34604,34448,34486,34545,34458,34444,34430,34454,34369,34446,34486,34444,34439,34384,34382,34412,34456,34415,34357,34422,34301,34340,34474,34349,34345,34428,34240,34385,34447,34376,34236,34372,34342,34440,34347,34324,34266,34256,34378,34343,34333,34268,34389,34304,34324,34385,34171,34377,34320,34322,34170,34352,34366,34454,34272,34154,34242,34415,34322,34275,34240,34320,34460,34343,34230,34141,34348,34153,34271,34318,34228,34199,34206,34196,34350,34224,34338,34319,34168,34192,34130,34286,34325,34240,34246,34267,34175,34177,34105,34190,34209,34160,34191,34358,34221,34395,34155,34287,34195,34215,34169,34148,34169,34266,34102,34198,34175,34170,34177,34188,34120,34101,34080,34066,34291,34186,34122,34197,34124,34017,34120,34124,34204,34046,33971,34165,34110,34118,34083,34028,34275,34140,34090,34128,34143,34117,34165,34104,34108,34055,34192,34071,34119,34113,34007,34189,34085,34052,34086,34101,34091,33998,34076,34034,33916,34138,34035,34024,34099,34064,34152,34148,33946,34002,34027,34029,34096,33846,33940,34014,34021
I19,Sample X3,56519,56147,56095,55691,55603,55521,55514,55542,55368,55468,55248,55144,55072,55188,55338,55210,55239,55136,55047,55173,55128,55039,55069,54807,55061,54788,54813,54934,54947,54957,54597,54848,54724,54660,54869,54755,54622,54643,54653,54568,54764,54593,54614,54414,54639,54461,54528,54533,54513,54575,54463,54394,54399,54439,54338,54315,54247,54252,54176,54172,54153,54019,53918,54106,53923,54000,54007,54001,54052,54060,54052,53796,53867,53736,53835,53963,54057,53682,53933,53901,53743,53767,53846,53758,54010,53802,53810,53660,53709,53687,53741,53691,53662,53747,53618,53552,53631,53595,53582,53631,53536,53615,53499,53558,53536,53691,53496,53428,53331,53170,53184,53622,53399,53440,53527,53523,53482,53560,53424,53497,53301,53335,53219,53447,53339,53463,53368,53455,53151,53354,53289,53295,53250,53337,53326,53345,53259,53344,53326,53281,53217,53212,53373,53144,53252,53223,53151,53078,53059,53038,53227,52991,53077,53260,53123,53229,53075,53032,52938,52876,52992,53082,53003,53079,53061,53031,53007,52911,52860,52676,52868,52963,52986,52850,53022,52942,52778,53119,52982,53020,52876,52935,52975,52952,52839,52752,52768,52960,52733,52763,52693,52775,52792,52834,52842,52914,52877,52948,52851,52930,52751,52806,52922,52904,52826,52953,52888,52805,52729,52787,52821,52888,52873,52722,52771,52730,52772,52854,52968,52887,52858,52954,52923,53018,51971,51929,52025,51988,52019,51692,51867,51719,51861,51800,51964,51948,51965,52021,51678,51622,51694,51801,51765,51812,51921,51734,51877,51565,51718,51852,51765,51832,51665,51661,51723,51873,51725,51597,51675,51771,51619,51806,51725,51776,51730,51955,51971,52079,51774,52011,52040,51960,51740,51984,51948,51963,51813,51915,51870,51787,51962,51831,51771,51940,51728,51838,51776,51842,51884,51750,51895,51901,51826,51901,51841,51679,51743,51735,51754,51826,51782,51873,51677,51977,51599,51652,51791,51926,51533,51652,51706,51717,51666,51582,51720,51659,51872,51792,51886,51653,51592,51618,51682,51679,51724,51732,51686,51647,51629,51765,51721,51687,51695,51691,51706,51633,51513,51562,51678,51646,51647,51532,51619,51713,51511,51666,51643,51612,51683,51551,51588,51542,51589,51577,51663,51719,51502,51523,51549,51747,51639
L19,Sample X4,67538,65581,65121,65248,64613,64778,64723,64363,64343,64524,64672,64604,64635,64741,64624,64419,64359,64515,64651,64495,64588,64348,64422,64418,64305,64516,64374,64390,64310,64148,64185,64062,64179,64134,63923,64205,64074,63896,63866,63915,64108,64115,63954,63834,63732,63696,63549,63707,63616,63602,63724,63640,63451,63647,63574,63354,63515,63225,63218,63295,63307,63176,63150,63200,63297,63039,63283,63198,62931,62987,63015,63014,62907,62967,62952,62866,62732,62739,62926,62693,62711,62700,62838,62851,62996,62866,62653,62880,62884,62729,62583,62594,62486,62528,62577,62553,62563,62647,62385,62409,62593,62314,62587,62401,62557,61880,61881,61756,61498,61489,61353,61760,61630,61694,61672,61766,61665,61770,61355,61690,61578,61557,61446,61563,61371,61322,61488,61443,61537,61443,61468,61287,61492,61301,61500,61351,61225,61187,61305,61330,61142,61251,61229,61311,61403,61134,61251,61210,61311,61263,61402,61294,61221,61207,61281,60979,61154,61077,61286,61041,61046,61073,61044,61217,61091,60852,61198,60739,60876,61061,60973,61170,60995,60972,61008,61119,60995,60934,60888,60917,60922,60859,60903,61076,60791,60838,60973,60840,61048,60841,61111,60878,60968,60983,60900,60704,60864,60603,60615,60969,60834,60860,60747,60894,60837,60806,60819,60793,60727,60759,60726,60664,60701,60902,60637,60526,60711,60608,60585,60696,60702,60674,60285,60642,60626,60677,60631,60511,60498,60427,60433,60530,60485,60659,60504,60679,60700,60567,60334,60431,60597,60302,60475,60526,60787,60544,60369,60385,60444,60454,60455,60351,60574,60526,60323,60470,60428,60432,60565,60591,60664,60321,60445,60570,60246,60512,60447,60428,60423,60302,60419,60242,60239,60500,60338,60461,60266,60351,60207,60492,60342,60402,60273,60375,60215,60264,60434,60227,60253,60363,60137,60316,60281,60262,60197,60287,59982,60195,60270,60250,60169,60302,60243,60263,60094,60171,60165,60195,60116,59999,59991,60031,60172,60256,60099,60093,60379,60384,60120,60178,60235,60245,59917,60144,60174,60061,59859,60268,60119,60251,60143,60283,60127,60167,60182,60172,59966,59977,60004,59975,60082,60027,60079,60020,60122,60070,60086,60240,60043,59881,59881,60104,59988,60212,60167,60111,60166,60172,60020,59774,59974
C22,Sample X5,82734,79769,78202,78056,77515,77665,77261,76884,77184,77061,77647,77339,77074,77099,77475,77451,77298,77509,77384,77170,77456,77281,77259,76769,76864,76953,76914,76684,76758,76618,76610,76655,76451,76532,76386,76378,76239,76389,76073,76154,76191,76065,76035,76264,76105,75823,76135,75910,75850,75775,75819,75715,75773,75669,75896,75687,75452,75442,75633,75307,75561,75327,75608,75388,75298,75220,75333,75145,75283,75164,75119,75209,74993,75067,75107,74936,74835,75067,74900,74848,74659,74793,75029,74699,74992,74710,74707,75400,75051,75382,75221,75150,75286,75069,75174,74901,74897,75016,75065,75051,74978,74956,75149,75193,74935,74089,74197,73643,73725,73495,73396,73861,73806,73789,73722,73878,73751,73755,73589,73643,73576,73593,73625,73612,73369,73557,73628,73447,73558,73582,73452,73531,73616,73376,73453,73454,73466,73369,73615,73432,73382,73569,73309,73249,73428,73224,73318,73174,73263,73219,73259,73407,73376,73155,73206,73300,73132,73158,73318,73248,73077,73377,73217,73091,73086,73178,72942,73025,73115,73036,73001,72856,72922,72939,73055,73195,73029,72897,72948,73025,72967,72884,72855,73033,72950,72971,73053,72894,72968,73072,73100,72920,73041,72700,73082,72913,72731,72953,72915,72882,72982,72947,72756,72954,72837,72946,72956,72778,72853,72895,72972,72591,72604,72879,72859,72734,72920,72926,72874,72739,73024,72573,72825,72734,72717,72682,72758,72761,72793,72712,72607,72430,72785,72672,72747,72853,72764,72584,72537,72673,72554,72656,72396,72505,72737,72352,72480,72535,72376,72567,72463,72472,72559,72381,72472,72477,72405,72485,72540,72428,72280,72511,72496,72524,72444,72513,72379,72372,72617,72317,72379,72263,72304,72268,72309,72347,72591,72380,72386,72431,72469,72270,71936,72279,72459,72382,72316,72277,72202,72307,72144,72414,72241,72226,72213,72164,72229,72267,72249,72032,72121,72262,72182,72379,72033,72130,71873,71946,72105,72173,72210,72159,72232,72133,71987,72224,72010,72063,72159,72139,72145,71975,72075,72162,71879,72056,72001,72046,72080,72192,71838,72145,71805,71950,72111,72078,71980,71867,71971,72155,71795,72100,72096,71733,71954,71694,71919,71800,71736,71868,71693,71843,71841,71809,71957,71832,72033,71947,71920,71732,71726
F22,Sample X6,106316,103439,102155,101854,101728,101095,100653,100561,100667,100631,100672,100213,100231,100539,100173,100622,100423,100079,100136,100161,100409,100023,99944,99927,99898,99825,99670,99678,99721,99500,99324,99441,99127,99227,99275,98969,99163,99044,99074,98913,99119,98850,98783,98977,98608,98387,98822,98618,98427,98666,98483,98060,98274,98245,98165,98358,97983,97819,98138,98127,98149,98000,97603,97579,97607,97739,97526,97426,97612,97362,97679,97387,97186,97207,97276,97590,97337,97199,97010,97286,97002,97055,97075,97088,97052,96874,96949,96967,96755,97008,96692,96565,96659,96787,96629,96458,96505,96697,96337,96438,96582,96430,96437,96430,96288,96227,96039,96121,96017,95992,95849,96020,95801,95802,95924,95629,95904,95703,95743,95556,95575,95645,95605,95652,95511,95356,95444,95494,95554,95191,95400,95336,95297,95184,95309,95366,95227,94849,95209,95200,95093,95149,95209,94907,95077,95174,95360,94900,94844,94949,95144,94822,94657,94804,95012,94920,94875,94840,94773,94863,94655,94978,94768,94686,94710,94742,94729,94508,94819,94612,94486,94603,94428,94798,94537,94829,94703,94499,94540,94464,94503,94267,94743,94522,94421,94369,94241,94262,94404,94642,94470,94026,94088,94218,94362,94156,94373,94281,94519,94169,94314,93976,94059,94004,94279,93864,94191,94080,94184,94013,93939,93848,93791,93807,93933,93975,93989,93862,94123,93907,93697,93922,93834,94100,93796,93919,93689,93711,93708,94090,93769,93861,93613,93778,93653,93690,93886,93809,93924,93498,93578,93690,93816,93916,93868,93794,93576,93561,93537,93293,93666,93544,93595,93379,93571,93594,93638,93351,93430,93584,93571,93510,93431,93522,93406,93326,93473,93373,93605,93171,93516,93438,93425,93453,93367,93138,93382,93180,93113,93257,93178,93115,93243,93235,93332,93265,93301,93146,93368,93416,92927,93268,93280,93224,93191,92979,93087,93221,93039,92901,92853,93120,92978,93082,93125,93031,92682,92992,93108,92994,92714,92860,92970,92956,92664,93003,93086,93228,93106,92766,93042,92835,92732,92947,92805,92736,92907,92994,92938,92852,92815,92903,92582,92952,92600,92804,92657,92766,92765,92865,92979,92576,92581,92477,92673,92678,92980,92546,92774,92460,92606,92586,92548,92633,92403,92542,92503,92652,92426,92669,92608
I22,Sample X7,115578,113193,112267,112318,111372,111869,111762,110744,110663,110792,111308,111163,111615,111530,111281,111438,111297,111461,110699,110680,110339,110579,110544,110670,110528,110544,110117,109998,109939,109950,109797,109813,109555,109815,109731,110048,109740,110000,109570,109880,109635,109487,109424,109481,109556,109401,109224,109144,108962,109161,109123,108894,108926,109131,108878,108727,108838,108868,108453,108350,108484,108427,108342,108200,108279,107760,108043,107934,107810,108036,108071,107790,107839,107683,107882,108124,108109,107800,107664,107632,107648,107586,107414,107641,108079,107710,107705,107659,107683,107470,107432,107526,107352,107297,107296,107130,107422,107154,107263,107280,107016,106926,107097,107082,107092,105788,105923,105081,105092,105507,105007,105393,105382,105501,105622,105760,105292,105243,105333,105238,105136,105151,105187,105107,105058,105397,104874,105321,105136,105318,105041,105169,104982,104976,104824,105215,104724,105069,104918,104840,104791,105060,104813,104951,104797,104754,104800,104603,104437,104489,104695,104779,104913,104641,104710,104690,104769,104657,104731,104869,104421,104602,104404,104703,104561,104761,104641,104323,104451,104294,104541,104511,104295,104308,104358,104421,104376,104310,104508,104533,104304,104435,104301,104240,104239,104268,104187,104202,104290,104154,104082,104382,104086,104072,104217,104225,104144,103929,104081,104267,103723,103888,104238,104042,104333,104161,103750,104378,103874,104120,104022,104126,104158,104278,103995,104099,104090,104185,103888,104140,103970,104039,103978,104034,103910,104161,104145,103974,104434,103819,103812,104062,103958,103834,103826,104069,104092,103899,103926,104292,103851,103840,103997,103857,103883,103844,103770,103808,103961,103646,103926,103947,103731,103961,103780,104079,103961,103798,103614,103717,103682,103774,103611,103901,103450,103877,103859,103718,103456,103651,103914,103733,103436,103550,103428,103778,103511,103672,103674,103599,103790,103478,103533,103544,103155,103834,103682,103476,103626,103375,103763,103816,103427,103567,103325,103600,103146,103144,103432,103320,103174,103370,103267,103617,103628,103460,103045,103279,103563,103278,103151,103136,103294,103270,103193,103460,103350,103161,103521,103107,103173,103163,103108,103018,103423,103302,103099,103241,102992,103406,103255,103236,103012,103226,103252,103066,103094,102968,103051,102901,102951,103036,102858,102805,102903,103106,103271,103222,103041,103241,103202,102833,102926,103027,103089,102995,102943,103066,103202,102894,102911
L22,Sample X8,137474,135699,134766,134762,133986,133357,133354,132789,132501,132745,132925,132600,132768,132909,132591,132603,133126,132591,132848,132383,132096,132186,131834,132260,132079,131769,131569,131388,131754,131709,130961,131592,131142,131489,131137,131472,130855,131035,131068,130407,131602,130903,131033,131290,131059,130867,131295,131009,131056,130782,130937,131138,130644,130796,130672,130500,130546,130301,130341,130053,130158,130032,130166,129757,129850,129782,129541,129587,129581,129383,129897,129217,129160,129509,129543,129162,129284,129230,129338,129248,129080,129138,128859,128683,128957,129194,128928,129036,129020,128960,128730,128820,128680,128757,128839,128729,128709,128208,128349,128472,128684,128333,128525,128459,128392,127473,127612,127490,127530,127417,127601,127533,127468,127101,127473,127170,127233,127330,127312,127082,127188,127020,127241,127019,127154,127095,126974,127176,126844,127030,127240,126804,126555,126557,126771,126752,126490,126462,126370,126556,126714,126575,126412,126698,126477,126318,126334,126648,126462,126070,126257,126325,126084,126387,126324,126120,126281,125982,126116,126000,126276,126227,126147,126020,125849,126122,126181,125726,125825,126104,125775,126130,126002,125857,125855,126078,125789,126180,125882,125706,125883,125890,125918,126078,125883,125991,125690,125672,125583,125981,125703,125612,125881,125852,125582,125423,125597,125449,125869,125758,125406,125779,125743,125805,125585,125419,125701,125752,125670,125209,124929,125093,125612,125247,125111,125295,125480,125277,125411,125105,125064,125374,125646,125161,125444,125284,124932,125460,125293,125269,124957,124689,125149,125276,125091,125085,125200,125275,125296,125077,124891,125290,125241,125100,125501,125431,125203,124902,125230,125100,125163,125029,125112,125204,125029,124971,124521,124652,125025,124942,124792,124900,125083,124838,124692,125052,124929,124890,124945,124788,124998,124908,124571,124699,124966,124832,124892,124967,124870,124896,124894,124934,124542,124869,124389,124672,124702,124863,124490,124730,124891,124699,124597,124943,124633,124898,124581,124796,124644,124852,124477,124773,124562,124593,124487,124688,124429,124639,124462,124483,124413,124523,124364,124647,124362,124359,124632,124451,124606,124514,124267,124704,124157,124523,124348,124579,124050,124615,124307,124436,124361,124583,124416,124289,124621,124357,124378,124170,124497,124451,124428,124251,124204,124385,124088,124304,124212,124319,124428,124361,124481,124327,124181,124525,124227,124195,124418,124379,124405,124363,124224
O22,Sample X9,3176,3065,3039,3030,2981,3013,2993,2987,3031,2998,3000,3047,2976,2991,3004,3000,2974,3009,2969,2985,2985,2981,2984,3019,2978,2998,2993,2962,2969,2958,2960,2996,2954,2970,2950,2962,2932,2938,2944,2950,2952,2955,2924,2923,2969,2942,2951,2921,2927,2946,2912,2908,2898,2898,2899,2916,2904,2921,2904,2908,2917,2897,2887,2906,2873,2859,2921,2892,2872,2872,2926,2893,2874,2879,2923,2892,2886,2881,2909,2925,2889,2906,2850,2883,2892,2862,2859,2890,2837,2860,2892,2866,2866,2859,2884,2849,2878,2881,2887,2847,2853,2860,2846,2882,2852,2883,2895,2850,2872,2857,2881,2866,2846,2872,2855,2855,2850,2858,2892,2841,2818,2854,2847,2853,2844,2840,2850,2837,2865,2852,2860,2857,2847,2821,2851,2828,2857,2823,2821,2870,2844,2833,2848,2853,2863,2867,2842,2840,2806,2854,2851,2826,2828,2864,2837,2844,2851,2838,2811,2856,2853,2860,2823,2831,2837,2844,2855,2811,2826,2824,2823,2823,2856,2813,2831,2844,2800,2823,2820,2827,2817,2848,2832,2822,2842,2830,2826,2848,2813,2877,2816,2821,2836,2837,2871,2822,2846,2875,2846,2806,2853,2829,2799,2803,2845,2847,2830,2851,2824,2820,2803,2830,2851,2850,2856,2839,2811,2828,2826,2858,2847,2862,2826,2831,2814,2834,2825,2825,2804,2844,2838,2813,2826,2828,2808,2819,2837,2769,2800,2857,2833,2832,2859,2829,2853,2855,2869,2833,2807,2866,2842,2837,2859,2854,2823,2813,2840,2842,2838,2825,2835,2815,2811,2845,2834,2843,2804,2856,2850,2835,2803,2806,2820,2848,2810,2843,2864,2815,2840,2807,2832,2813,2842,2840,2832,2810,2805,2809,2822,2837,2809,2850,2860,2821,2823,2852,2810,2798,2829,2830,2858,2835,2828,2847,2801,2831,2842,2848,2844,2817,2830,2834,2837,2821,2837,2821,2882,2860,2823,2831,2818,2849,2840,2849,2843,2825,2841,2842,2817,2864,2816,2830,2854,2847,2822,2821,2860,2823,2838,2844,2816,2855,2835,2811,2810,2821,2826,2804,2826,2825,2820,2843,2822,2820,2816,2818,2814,2821,2813,2783,2786
O19,Sample X10,3126,3055,3042,3017,3058,3039,3034,3037,3005,3003,3038,2992,3006,3019,3005,2974,2965,3029,3012,2980,2970,2989,3011,2962,2967,2965,2989,2968,2979,2998,2972,2928,2972,2956,2986,2973,2956,2940,2992,2947,2970,2950,2962,2917,2949,2929,2898,2913,2938,2941,2928,2880,2941,2909,2925,2956,2886,2909,2915,2915,2879,2912,2893,2927,2882,2939,2923,2879,2889,2907,2891,2858,2924,2873,2867,2873,2886,2905,2856,2910,2897,2872,2869,2873,2865,2899,2885,2856,2865,2866,2895,2848,2881,2869,2837,2880,2870,2889,2863,2883,2879,2880,2852,2877,2842,2822,2889,2831,2875,2845,2885,2860,2876,2866,2831,2808,2860,2833,2850,2879,2828,2802,2816,2804,2841,2857,2856,2854,2863,2837,2833,2840,2855,2866,2830,2824,2841,2839,2837,2829,2830,2829,2809,2826,2818,2856,2817,2836,2817,2843,2834,2842,2812,2822,2814,2816,2806,2797,2854,2826,2827,2845,2810,2819,2818,2808,2826,2837,2831,2827,2816,2802,2830,2842,2841,2865,2825,2814,2824,2827,2850,2820,2832,2818,2838,2841,2861,2810,2819,2790,2833,2841,2845,2828,2810,2816,2803,2821,2832,2815,2785,2776,2820,2874,2822,2845,2839,2808,2824,2773,2803,2785,2871,2840,2796,2825,2834,2796,2826,2817,2812,2828,2844,2822,2828,2831,2825,2808,2838,2836,2828,2818,2814,2833,2837,2823,2807,2804,2803,2842,2804,2837,2801,2813,2826,2806,2831,2802,2853,2842,2812,2820,2848,2822,2840,2834,2816,2819,2818,2828,2874,2824,2836,2828,2825,2811,2818,2820,2810,2809,2812,2821,2851,2813,2849,2810,2843,2818,2804,2829,2798,2830,2832,2854,2840,2824,2843,2830,2837,2825,2852,2847,2820,2816,2834,2810,2807,2818,2793,2804,2830,2812,2831,2821,2843,2816,2802,2821,2824,2812,2817,2807,2839,2802,2808,2788,2797,2845,2836,2822,2832,2825,2826,2819,2830,2840,2833,2840,2814,2830,2843,2838,2814,2821,2823,2810,2834,2828,2823,2793,2832,2808,2847,2826,2805,2847,2804,2785,2807,2830,2818,2832,2807,2831,2827,2835,2841,2819,2834,2810,2819
O16,Sample X11,3150,3151,3084,3079,3063,3044,3046,3060,3048,2975,3053,3017,3010,3076,3043,3012,3036,3020,3003,3024,3013,3017,2996,2982,2999,3017,2937,2990,2982,2998,2929,2993,2957,2957,2990,3002,2989,2955,2945,2982,2999,2935,2963,2966,2934,2945,2950,2917,2947,2943,2957,2927,2921,2980,2917,2932,2903,2913,2919,2935,2938,2907,2916,2929,2917,2896,2931,2930,2874,2904,2930,2890,2906,2906,2906,2892,2912,2914,2864,2908,2883,2897,2882,2917,2909,2926,2935,2910,2922,2899,2856,2876,2850,2879,2866,2880,2880,2897,2844,2864,2868,2892,2865,2899,2906,2878,2901,2879,2853,2881,2902,2852,2868,2882,2841,2886,2869,2868,2879,2836,2868,2889,2892,2892,2881,2870,2873,2872,2865,2881,2845,2901,2868,2858,2858,2862,2833,2848,2814,2893,2859,2849,2870,2851,2869,2856,2892,2842,2858,2854,2869,2852,2849,2857,2868,2856,2814,2886,2854,2859,2830,2880,2840,2832,2885,2876,2900,2869,2849,2849,2855,2829,2851,2837,2855,2834,2847,2880,2862,2832,2813,2848,2845,2894,2826,2846,2860,2881,2861,2842,2859,2823,2866,2865,2815,2865,2867,2852,2842,2859,2846,2867,2850,2882,2881,2817,2844,2859,2834,2862,2837,2841,2828,2830,2880,2830,2860,2827,2843,2822,2834,2860,2842,2847,2832,2837,2845,2838,2840,2830,2848,2857,2854,2855,2823,2857,2883,2845,2840,2866,2869,2857,2847,2844,2838,2872,2827,2869,2889,2849,2842,2815,2849,2878,2852,2851,2842,2857,2827,2844,2846,2860,2859,2843,2831,2834,2820,2847,2835,2870,2846,2858,2889,2850,2854,2838,2885,2879,2871,2828,2850,2882,2823,2835,2849,2864,2861,2851,2855,2874,2838,2859,2823,2835,2832,2816,2872,2862,2848,2848,2877,2825,2863,2863,2863,2850,2844,2836,2849,2832,2843,2886,2846,2870,2847,2864,2854,2845,2865,2876,2861,2819,2878,2847,2859,2834,2827,2840,2844,2839,2870,2834,2801,2849,2829,2849,2857,2848,2838,2883,2827,2858,2847,2867,2831,2889,2847,2858,2843,2832,2844,2858,2875,2859,2860,2852,2847,2862,2852,2842,2841
BL21-DE3 No template,Sample X12,7841,7539,6871,6154,5608,5360,4873,4268,4113,3958,3910,3927,3836,3912,3898,3896,3899,3912,3951,3927,3980,3925,3956,3967,3975,3973,3990,3993,4002,3985,3969,4002,3996,4021,4016,4047,4053,4034,4038,4014,4030,4030,4058,4046,4001,4045,4074,4046,4038,4056,4093,4085,4058,4061,4071,4091,4120,4119,4062,4098,4090,4118,4119,4085,4084,4093,4137,4132,4118,4110,4126,4094,4095,4099,4118,4137,4137,4147,4125,4132,4149,4153,4169,4154,4207,4186,4138,4201,4142,4148,4173,4169,4183,4167,4248,4219,4215,4272,4224,4187,4233,4250,4261,4200,4272,4274,4271,4247,4265,4279,4279,4281,4288,4286,4284,4349,4310,4358,4350,4293,4308,4352,4356,4341,4353,4385,4408,4383,4417,4342,4383,4400,4364,4406,4387,4378,4450,4437,4453,4458,4481,4440,4443,4482,4487,4483,4477,4524,4542,4537,4506,4535,4552,4539,4541,4561,4569,4566,4522,4594,4596,4637,4628,4570,4621,4638,4652,4665,4674,4689,4679,4705,4664,4720,4728,4685,4709,4695,4751,4792,4777,4744,4758,4798,4817,4799,4831,4831,4824,4805,4860,4863,4825,4884,4882,4925,4939,4964,4963,4942,4940,4938,4955,4951,4996,4967,5000,5015,4980,5043,5051,5027,5082,5081,5049,5049,5125,5073,5138,5119,5170,5135,5151,5196,5171,5165,5191,5210,5168,5260,5289,5261,5250,5249,5284,5333,5322,5373,5349,5378,5391,5420,5356,5414,5451,5422,5456,5495,5519,5513,5548,5522,5534,5575,5595,5581,5629,5630,5645,5661,5673,5677,5728,5749,5774,5730,5819,5797,5870,5853,5840,5851,5861,5902,5933,5958,5966,5953,6002,5993,6052,6033,6105,6103,6108,6130,6164,6162,6190,6195,6283,6249,6295,6276,6271,6345,6383,6389,6380,6399,6355,6433,6447,6488,6515,6481,6485,6472,6570,6502,6537,6573,6590,6549,6566,6637,6634,6587,6644,6666,6627,6673,6683,6702,6688,6731,6754,6772,6763,6696,6775,6732,6723,6754,6706,6739,6815,6750,6783,6820,6812,6796,6798,6832,6812,6845,6794,6793,6844,6832,6848,6809,6739,6791,6838,6811,6838,6813,6759,6811,6793
BL21-DE3 No template,Sample X13,8200,7617,7087,6353,5784,5379,5073,4512,4142,3938,3869,3878,3829,3865,3846,3889,3836,3833,3831,3903,3843,3869,3832,3867,3900,3893,3944,3926,3919,3919,3941,3922,3936,3948,3952,3978,3956,3941,3943,4016,3960,3962,3982,3986,3990,4035,4051,4021,3999,4042,4050,4045,4019,4047,4042,4067,4042,4050,4079,4031,4037,4059,4045,4039,4009,4027,4086,4071,4031,4027,4036,4027,4044,4039,4050,4062,4030,4043,4032,4077,4049,4009,4034,4048,4058,4067,4039,4060,4052,4072,4019,4081,4043,4065,4058,4017,4023,4030,4061,4065,4091,4066,4081,4069,4063,4087,4088,4110,4094,4060,4082,4066,4096,4080,4079,4084,4122,4128,4068,4068,4063,4130,4138,4073,4106,4087,4127,4109,4105,4103,4121,4151,4122,4110,4144,4115,4106,4131,4128,4119,4117,4120,4148,4150,4164,4113,4177,4212,4153,4191,4150,4177,4158,4213,4168,4151,4223,4210,4210,4201,4169,4185,4197,4198,4228,4198,4225,4245,4239,4260,4284,4272,4254,4247,4286,4291,4276,4307,4261,4301,4327,4281,4265,4314,4324,4367,4330,4316,4328,4341,4392,4361,4382,4381,4399,4358,4375,4409,4365,4394,4401,4406,4395,4460,4418,4416,4455,4443,4427,4423,4456,4429,4425,4485,4475,4532,4505,4484,4517,4507,4513,4531,4518,4493,4527,4540,4556,4543,4552,4590,4582,4530,4513,4513,4585,4552,4524,4560,4547,4531,4553,4559,4565,4571,4589,4552,4542,4560,4567,4560,4574,4611,4562,4574,4537,4602,4575,4563,4573,4607,4554,4584,4585,4581,4615,4609,4593,4614,4634,4606,4643,4605,4621,4629,4609,4628,4716,4603,4659,4633,4650,4678,4629,4620,4640,4675,4645,4664,4638,4654,4661,4684,4674,4669,4617,4702,4702,4706,4699,4646,4694,4701,4696,4677,4674,4715,4737,4706,4683,4706,4703,4746,4720,4711,4775,4733,4744,4741,4729,4764,4779,4766,4686,4797,4793,4748,4776,4785,4770,4773,4799,4782,4796,4827,4791,4849,4788,4786,4801,4825,4816,4822,4836,4865,4828,4872,4835,4860,4846,4861,4854,4905,4890,4899,4853,4869,4890,4919,4938,4923,4879
O09,Sample X14,4555,4585,4540,4543,4574,4520,4562,4537,4531,4557,4507,4495,4538,4524,4534,4480,4504,4491,4482,4478,4476,4478,4485,4444,4471,4490,4478,4452,4443,4436,4500,4428,4481,4433,4441,4441,4444,4377,4352,4359,4332,4381,4320,4387,4348,4370,4353,4357,4362,4349,4336,4325,4325,4312,4317,4353,4345,4314,4290,4325,4272,4318,4293,4327,4289,4285,4250,4302,4246,4284,4266,4238,4277,4319,4298,4258,4315,4266,4245,4268,4280,4303,4266,4235,4270,4233,4205,4269,4231,4272,4278,4275,4224,4228,4283,4264,4266,4256,4223,4244,4254,4211,4231,4259,4255,4285,4293,4252,4261,4237,4254,4255,4259,4271,4253,4203,4240,4265,4233,4260,4223,4267,4227,4220,4208,4244,4196,4229,4269,4238,4243,4233,4218,4202,4241,4253,4272,4231,4210,4268,4204,4220,4207,4220,4236,4178,4228,4227,4184,4202,4230,4274,4237,4195,4231,4227,4245,4238,4266,4183,4244,4271,4250,4215,4220,4264,4243,4238,4253,4234,4176,4218,4218,4219,4186,4170,4208,4227,4236,4237,4209,4218,4229,4236,4253,4196,4176,4201,4206,4180,4203,4241,4229,4201,4223,4223,4232,4265,4250,4180,4207,4186,4215,4248,4184,4206,4219,4233,4228,4214,4197,4216,4166,4239,4263,4206,4230,4198,4206,4175,4184,4192,4205,4207,4270,4237,4218,4242,4213,4230,4233,4245,4210,4246,4229,4200,4213,4200,4217,4259,4200,4242,4194,4225,4201,4223,4222,4228,4234,4182,4228,4203,4186,4186,4214,4197,4203,4226,4239,4234,4199,4219,4209,4198,4184,4220,4231,4194,4170,4247,4208,4212,4192,4217,4220,4185,4219,4196,4199,4196,4212,4198,4173,4212,4209,4246,4185,4204,4221,4201,4253,4213,4219,4189,4188,4231,4230,4215,4213,4243,4186,4202,4229,4229,4179,4208,4216,4225,4229,4238,4211,4226,4211,4230,4202,4227,4228,4258,4220,4206,4212,4220,4188,4211,4203,4210,4199,4182,4226,4212,4250,4212,4213,4223,4223,4195,4224,4250,4224,4205,4215,4229,4182,4202,4240,4177,4193,4156,4199,4194,4226,4204,4215,4239,4214,4213,4258,4234,4188,4188,4224
RosettaGami,Sample X15,4426,4525,4382,4362,4354,4323,4370,4424,4500,4661,4792,4979,5223,5485,5892,6275,6679,7204,7751,8265,8918,9536,10266,11057,11836,12635,13609,14472,15515,16597,17863,19041,20434,21721,23275,24759,26496,28201,30000,31934,33849,35985,37961,40067,42375,44552,46932,49045,51400,53685,56153,58345,60678,63010,65328,67736,69914,72497,74562,76992,79633,81820,84230,86408,89136,91167,93721,95603,98249,100589,102702,105084,107246,109703,112065,114173,116488,118796,121070,123632,125707,127730,129615,132168,134754,136521,138112,140730,142610,144602,146433,148306,150513,152596,154313,156286,158178,160356,161991,164074,165644,167626,169200,170945,172894,176904,178872,178521,180627,182182,184096,186779,187907,189306,190401,192490,193794,195904,196518,197813,199138,200643,201640,202714,204261,205185,206658,207926,208669,209570,211218,211842,213005,213685,215042,215549,216544,216672,218196,218118,219355,219849,220526,221288,221714,222586,223423,223642,224010,224615,225190,225658,225664,226251,226700,227300,227407,227587,228432,228486,229101,229006,230226,230297,230103,230591,230657,231010,231120,231187,231739,232354,231194,232506,232793,232448,233116,233053,233228,233316,234048,234192,233236,233419,234156,234294,233827,234439,234021,234688,233935,234304,234535,234589,234843,234991,235006,234943,235006,234348,234589,234879,234924,235168,235088,235386,234764,235321,235403,235177,234842,235535,235484,234788,235182,235654,235463,235677,235136,235667,235706,235704,236232,235746,235508,235692,234762,235834,236197,235613,235649,236334,235972,236075,235518,236758,236323,235842,235796,236260,235601,235757,236531,236716,235974,235571,235963,235627,236261,236047,235467,236609,236196,235866,236301,236528,236563,236664,236610,236018,236622,236525,236395,236686,236769,236417,236673,236162,236574,236468,236899,236426,236660,236282,236300,236213,236531,236004,236571,236433,236834,236255,236470,235929,236378,236015,236554,236831,236647,236657,236395,236821,236392,236413,236925,236527,236856,236632,236492,236212,236326,236815,236747,236717,236381,236554,236161,236489,236154,236797,236345,236726,236467,236210,236332,236156,235881,236762,236924,237264,236405,237083,236516,236459,236560,236514,236582,236588,237067,236620,237332,236968,236857,236775,236434,236132,236757,236729,236734,236517,237077,236594,236805,236433,236277,236332,236622,236633,236665,236559,236375,236528,236800,236615,236531,236765,236616,236551,236180,236451,236574
RosettaGami,Sample X16,4305,4231,4221,4205,4142,4162,4191,4244,4322,4507,4789,4955,5258,5587,6057,6547,7050,7570,8192,8872,9507,10234,11097,11831,12673,13622,14621,15699,16840,18108,19350,20716,22140,23704,25274,26916,28688,30480,32505,34301,36455,38520,40672,43015,45251,47631,50108,52242,54622,56976,59585,61855,64297,66922,69114,71842,74014,76561,78963,81517,84104,86571,89094,91217,93770,96246,98589,100956,103601,105795,108139,110391,113039,115046,117919,120086,122393,124442,127118,129716,131839,133986,136497,138886,140966,143346,145749,147850,149895,151959,153780,156130,157983,159959,162476,164159,166092,168418,170237,172372,174417,175827,177803,179500,181430,184689,186355,186031,187897,189432,191110,193923,195596,196871,198316,200260,201578,203380,204452,206114,207420,208728,210135,211152,212984,214282,215538,216586,217108,218794,220151,220784,221392,222466,223778,224794,226086,226710,227533,228062,229303,229846,230339,231554,231967,233010,233951,233445,234402,235035,235021,236450,236405,237389,237851,238325,238668,238895,239463,239613,239718,240031,240848,241050,241400,241561,241597,242188,242360,242775,243484,243071,242988,244057,243812,244270,244322,244325,245351,245051,245368,245615,244705,245657,246043,245432,246310,246437,245976,246217,246296,246280,246408,245928,246397,246384,246956,246882,246541,246600,247192,247330,247318,247689,246852,247404,247254,247807,247439,247283,247778,247242,247210,248107,247388,247636,247623,247826,247970,247593,247668,247538,247656,247689,247836,247371,248377,248294,248185,247645,248204,248268,247650,248236,247915,248228,248180,248268,248502,248124,248169,248158,248766,248520,247644,248146,248254,247901,248196,247836,247865,248556,248846,248101,248121,248948,248570,248976,248600,248093,248318,248492,249080,248542,248801,249005,248791,248406,249046,248649,248859,248930,248365,248924,248371,248193,248275,248306,248913,248532,248764,249347,248734,248077,248847,248559,248707,248387,248687,248741,248627,248626,248644,249193,248214,249219,248817,248622,249253,248658,248393,248822,248604,248553,248528,248115,248884,248581,248724,248047,247977,248397,248126,249168,248433,248308,249187,248464,248618,248843,248285,249054,248647,248706,248873,248737,248675,248886,248545,249211,248735,248072,248792,248642,248726,249023,248841,248532,248764,248803,248493,248596,248606,248408,247826,248223,248493,248846,248431,248710,248668,248337,248574,248370,248645,248398,248949,248428,248390,248947,248865
C09,Sample X17,4584,4540,4515,4472,4489,4477,4406,4485,4476,4418,4460,4436,4424,4423,4455,4446,4443,4466,4447,4460,4413,4418,4425,4397,4410,4410,4361,4391,4368,4346,4376,4368,4401,4356,4298,4319,4305,4326,4328,4291,4311,4295,4313,4319,4309,4292,4300,4299,4296,4341,4287,4275,4333,4271,4276,4288,4270,4301,4324,4282,4274,4234,4262,4275,4252,4269,4249,4266,4268,4268,4256,4233,4232,4237,4256,4265,4265,4252,4240,4222,4292,4200,4224,4244,4233,4225,4205,4178,4239,4182,4216,4210,4179,4158,4184,4150,4170,4171,4150,4147,4146,4206,4132,4173,4160,4161,4132,4122,4142,4153,4089,4174,4148,4124,4124,4127,4112,4162,4126,4178,4152,4150,4145,4148,4136,4130,4157,4152,4156,4172,4145,4164,4140,4132,4157,4163,4165,4111,4168,4189,4133,4190,4125,4145,4136,4145,4158,4135,4149,4153,4129,4147,4136,4145,4163,4170,4095,4123,4175,4142,4126,4170,4159,4163,4171,4126,4134,4147,4146,4136,4138,4152,4148,4140,4135,4156,4174,4196,4143,4138,4169,4153,4140,4182,4148,4131,4109,4152,4154,4139,4166,4116,4125,4129,4162,4109,4115,4146,4150,4163,4120,4192,4138,4165,4120,4137,4147,4101,4107,4129,4109,4143,4141,4119,4129,4148,4105,4195,4157,4162,4151,4169,4128,4165,4098,4121,4167,4187,4128,4149,4180,4139,4167,4139,4143,4158,4174,4160,4141,4173,4158,4167,4188,4154,4153,4152,4168,4146,4144,4128,4167,4124,4150,4166,4119,4158,4168,4132,4151,4178,4175,4166,4184,4188,4171,4181,4169,4129,4106,4148,4160,4132,4182,4184,4173,4166,4201,4141,4158,4202,4171,4202,4140,4136,4164,4181,4153,4138,4129,4193,4152,4166,4170,4184,4149,4183,4185,4165,4174,4154,4149,4173,4177,4156,4165,4192,4155,4129,4169,4184,4171,4127,4147,4128,4191,4131,4171,4148,4154,4130,4157,4148,4175,4154,4168,4104,4139,4117,4153,4154,4173,4132,4141,4189,4179,4140,4122,4146,4152,4131,4191,4182,4184,4160,4105,4159,4166,4136,4194,4130,4171,4125,4186,4162,4199,4161,4125,4187,4135,4169,4152
BL21-DE3 SY,Sample X18,8147,7647,7045,6305,5488,5310,4852,4475,4443,4556,4783,5115,5567,6159,6804,7556,8393,9276,10181,11312,12526,13671,14889,16273,17668,19019,20533,22025,23399,25000,26457,27865,29332,30671,32175,33701,34843,36226,37838,38967,40156,41518,42641,43986,45363,46398,47666,48848,49839,50951,52167,53153,54159,55244,56481,57365,58316,59278,60283,60831,61842,62779,63327,64039,65118,65724,66346,67069,67739,68583,69087,69604,70409,70677,71331,72152,72739,73154,73777,74072,74762,75071,75702,76270,76720,76855,77485,77959,78344,78620,79154,79382,79947,80332,80709,80918,81195,81489,81832,82186,82375,82509,82767,83588,83443,84847,85338,85136,85270,85432,85621,86445,86625,86704,87268,87222,87430,87718,87816,88224,88261,88693,88742,88743,88719,89168,89410,89611,89702,89672,90016,90382,90310,90560,90779,90784,90970,91002,91216,91324,91359,91668,91699,91804,91869,92267,92272,92078,92203,92274,92684,92675,92436,92876,92818,93133,93145,93374,93211,93657,93450,93559,93715,93864,93848,93918,94057,94117,93989,93871,94251,94389,94406,94648,94547,94865,94960,94778,94626,94934,95001,94865,95110,95358,95372,95232,95151,95375,95507,95523,95450,95845,95793,95548,95773,95832,95783,96033,95914,96119,96171,96016,96175,96262,96164,96300,96414,96298,96179,96004,96074,96217,96557,96325,96498,96703,96494,96638,96732,96930,96491,96920,96935,97147,96818,96930,97011,97129,97019,97103,97144,97340,97248,97265,97439,97363,97408,97332,97789,97421,97708,97332,97577,97730,97519,97265,97737,97972,97505,97964,97861,97556,97690,97863,97767,98024,97770,98077,97664,97686,97715,97793,97863,97783,97637,97476,97904,97858,97982,97958,97842,97542,97788,97678,98057,97761,97840,97831,97829,97702,97788,97446,97994,97790,97677,97637,97564,98076,98219,97940,97982,98211,97862,98165,97982,98129,97979,98028,98225,98271,98611,98282,98289,98367,98248,98014,97976,97889,98196,98039,98035,98231,97936,98188,98227,98615,98198,98161,98369,98263,98657,98231,98397,98561,98226,98556,98400,98271,98279,98464,98491,98682,98426,98547,98422,98353,98391,98870,98517,98185,98293,98258,98482,98394,98344,98294,98374,98375,98343,98487,98382,98508,98361,98276,98362,98476,98261,98243,98390,98435,98386
BL21-DE3 SY,Sample X19,8115,7570,6993,6252,5466,5265,4854,4420,4354,4446,4612,4914,5340,5866,6461,7235,7998,8863,9764,10897,12004,13298,14367,15741,17176,18563,19972,21391,22943,24331,25869,27260,28577,30017,31383,32612,33825,35210,36402,37521,38862,39858,41009,42056,43003,44063,45136,46109,47170,48055,48968,49915,50626,51706,52582,53410,54274,54894,55510,56467,57073,57656,58369,59156,59804,60392,60946,61549,62177,62695,63398,63867,64146,64744,65057,65490,66309,66347,67030,67442,67749,68224,68761,68821,69481,69554,70131,70240,70463,70935,70923,71508,71876,72038,72300,72655,72890,73158,73344,73735,73891,74076,74197,74711,74733,75606,75856,75483,75633,75892,76000,76508,76782,77078,77275,77411,77303,77735,77811,77725,78085,78260,78265,78290,78722,78816,79107,78979,79243,79179,79428,79490,79573,79595,80085,80012,79896,80204,80297,80439,80343,80605,80541,80677,80839,80868,80860,81113,81024,81236,81228,81468,81620,81525,81610,81416,81961,81759,82001,81654,81907,82067,82025,82051,82134,82185,82411,82663,82817,83263,86162,85938,85965,86250,86431,86484,86711,86801,86739,86834,86891,87246,87365,87796,88758,89549,90068,89244,88421,88578,87943,88078,87902,87640,87490,87611,87420,87418,87663,88106,87743,87764,87671,87534,88176,87732,88107,87682,87434,87594,87497,87548,87388,87765,87343,87453,87486,87434,87053,87231,86995,87129,87430,87170,87537,87197,87579,87292,87178,87359,87166,87452,87425,87722,87615,87547,87532,87493,87579,87339,87538,87581,87819,87686,87674,87509,87653,87756,87601,87831,87703,87772,87446,87797,87719,87927,87846,87770,87690,87509,87700,87780,87925,87764,88089,87700,87948,87946,88034,87844,87758,88144,87853,87668,88010,88173,88044,88019,88073,87811,87758,87704,87806,88052,88095,87857,87919,87928,88114,87356,87818,87926,87921,87893,88019,88055,87741,87479,88091,88092,87959,88075,88212,88062,87891,87831,87897,87986,87971,88095,87909,87832,87808,88027,88248,87984,87730,87889,87944,88056,87908,87992,87941,87954,88091,87896,88069,87861,87949,88032,88198,87919,87907,87914,87972,87986,87932,87676,87693,87849,87735,87819,87683,87697,87853,87628,87387,87677,87613,87467,87431,87545,87700,87777,87637,87768,87649,87741,87598,87791,87902
F09,Sample X20,4590,4548,4487,4468,4497,4487,4495,4506,4524,4493,4477,4433,4462,4441,4428,4491,4455,4485,4456,4444,4443,4372,4431,4391,4451,4376,4382,4418,4411,4438,4355,4405,4377,4368,4399,4393,4376,4386,4382,4398,4359,4363,4361,4329,4311,4315,4345,4320,4295,4288,4274,4291,4284,4307,4299,4335,4293,4266,4300,4248,4248,4293,4264,4265,4251,4254,4241,4254,4255,4253,4236,4260,4243,4240,4228,4203,4257,4246,4229,4253,4229,4275,4216,4222,4210,4214,4187,4210,4208,4170,4178,4194,4183,4199,4209,4196,4168,4159,4207,4231,4201,4177,4164,4235,4168,4174,4189,4180,4163,4177,4125,4162,4168,4155,4180,4186,4181,4157,4163,4123,4174,4152,4159,4217,4164,4132,4125,4119,4154,4155,4171,4110,4157,4140,4181,4137,4152,4154,4168,4168,4162,4163,4153,4166,4160,4158,4175,4193,4192,4203,4168,4195,4141,4174,4204,4193,4208,4158,4199,4159,4103,4149,4151,4125,4097,4087,4132,4111,4105,4144,4178,4179,4176,4185,4147,4213,4138,4140,4160,4155,4170,4193,4121,4183,4169,4154,4196,4149,4173,4169,4135,4124,4177,4168,4135,4182,4168,4138,4157,4156,4149,4141,4158,4150,4127,4180,4171,4179,4155,4129,4153,4179,4123,4132,4147,4196,4173,4149,4148,4155,4154,4174,4162,4176,4179,4137,4177,4138,4163,4146,4160,4170,4166,4132,4177,4162,4136,4163,4153,4151,4231,4149,4203,4169,4138,4097,4168,4164,4134,4148,4175,4164,4224,4229,4121,4164,4183,4182,4188,4154,4193,4137,4154,4189,4162,4155,4156,4166,4168,4110,4185,4141,4179,4168,4180,4194,4155,4185,4180,4112,4153,4160,4181,4164,4193,4143,4161,4168,4141,4130,4209,4178,4140,4171,4153,4144,4172,4171,4160,4176,4160,4145,4155,4160,4176,4136,4130,4141,4144,4142,4120,4212,4148,4152,4183,4169,4152,4171,4182,4170,4177,4114,4174,4145,4232,4167,4174,4157,4183,4132,4149,4171,4156,4164,4153,4167,4138,4161,4186,4153,4183,4139,4167,4157,4102,4207,4163,4167,4152,4184,4166,4158,4161,4184,4144,4178,4154,4190,4154,4167,4160
